image_id,track_id,role,team,jersey,x_bottom_middle,y_bottom_middle
2027000001,2,player,right,8,-30.13578963531071,22.220384380408333
2027000002,2,player,right,8,-30.141302929611765,22.213057413241064
2027000003,2,player,right,8,-30.152320728311988,22.19843685978173
2027000004,2,player,right,8,-30.168793640830497,22.176633124613687
2027000005,2,player,right,8,-30.190590558536595,22.14785393487888
2027000006,2,player,right,8,-30.21745079312696,22.112466870894643
2027000007,2,player,right,8,-30.248915108392307,22.071022733816328
2027000008,2,player,right,8,-30.28430578915929,22.0242987116935
2027000009,2,player,right,8,-30.322724674618424,21.97329276202926
2027000010,2,player,right,8,-30.363089324265708,21.919189642682085
2027000011,2,player,right,8,-30.40420081594414,21.863301685403385
2027000012,2,player,right,8,-30.444834020899624,21.806973321423275
2027000013,2,player,right,8,-30.483859449167674,21.75149925676159
2027000014,2,player,right,8,-30.52033127969792,21.698013566194884
2027000015,2,player,right,8,-30.553568804954452,21.647414904720765
2027000016,2,player,right,8,-30.5832052503697,21.600303141556413
2027000017,2,player,right,8,-30.609172115132225,21.55697299318435
2027000018,2,player,right,8,-30.631676268479467,21.51740363407203
2027000019,2,player,right,8,-30.651112789891968,21.48130587523572
2027000020,2,player,right,8,-30.667962649950283,21.448179216343632
2027000021,2,player,right,8,-30.682692842511276,21.417375011158214
2027000022,2,player,right,8,-30.695641594500017,21.38817715026836
2027000023,2,player,right,8,-30.70695609128725,21.35985244171388
2027000024,2,player,right,8,-30.71654883634137,21.33170354207073
2027000025,2,player,right,8,-30.724101016802805,21.30310091919224
2027000026,2,player,right,8,-30.729102759152926,21.273503096353323
2027000027,2,player,right,8,-30.730925451506646,21.24246996496172
2027000028,2,player,right,8,-30.728914799668612,21.209664724762906
2027000029,2,player,right,8,-30.72249758115949,21.17485178581768
2027000030,2,player,right,8,-30.71126914037333,21.137916541466552
2027000031,2,player,right,8,-30.69509210327732,21.09881804037639
2027000032,2,player,right,8,-30.674141249967,21.057603343329728
2027000033,2,player,right,8,-30.648901613220197,21.01443030476195
2027000034,2,player,right,8,-30.6201713061687,20.96952629253597
2027000035,2,player,right,8,-30.588987082266765,20.92319385817209
2027000036,2,player,right,8,-30.556552043209127,20.875798721457787
2027000037,2,player,right,8,-30.52412565875275,20.827751542593735
2027000038,2,player,right,8,-30.492910665044143,20.7795395453106
2027000039,2,player,right,8,-30.463937471730134,20.73171329326044
2027000040,2,player,right,8,-30.438009625666037,20.68484807151392
2027000041,2,player,right,8,-30.415605090555232,20.639615316159563
2027000042,2,player,right,8,-30.39687606273036,20.59673416329717
2027000043,2,player,right,8,-30.3816616973165,20.556958573205577
2027000044,2,player,right,8,-30.36953127143418,20.52104622211016
2027000045,2,player,right,8,-30.359861918787907,20.489708319247573
2027000046,2,player,right,8,-30.35192932198043,20.46353207683672
2027000047,2,player,right,8,-30.345012893970484,20.442928475020143
2027000048,2,player,right,8,-30.33845724240449,20.42806370187873
2027000049,2,player,right,8,-30.331756938744675,20.418829489691976
2027000050,2,player,right,8,-30.324609586697623,20.41480362065196
2027000051,2,player,right,8,-30.3169116573936,20.41531371900823
2027000052,2,player,right,8,-30.30874529318596,20.41947769464516
2027000053,2,player,right,8,-30.30034329165433,20.42629912897224
2027000054,2,player,right,8,-30.29203881890459,20.43477144077432
2027000055,2,player,right,8,-30.284211192929117,20.44397964769872
2027000056,2,player,right,8,-30.277235313390385,20.4531835019423
2027000057,2,player,right,8,-30.27143970503953,20.46187338525426
2027000058,2,player,right,8,-30.267080386302226,20.469788559905677
2027000059,2,player,right,8,-30.264326272991998,20.476905300079864
2027000060,2,player,right,8,-30.263254624708377,20.483397853724917
2027000061,2,player,right,8,-30.263860301828988,20.48958805063292
2027000062,2,player,right,8,-30.266046717920297,20.49587876302725
2027000063,2,player,right,8,-30.26965345345599,20.502714701092327
2027000064,2,player,right,8,-30.274453765036423,20.51053845630846
2027000065,2,player,right,8,-30.280169435807547,20.51975705992589
2027000066,2,player,right,8,-30.28648062202816,20.530723474852863
2027000067,2,player,right,8,-30.29303982771296,20.54372257700354
2027000068,2,player,right,8,-30.29949125172216,20.558958869973814
2027000069,2,player,right,8,-30.305492119794355,20.576545962653555
2027000070,2,player,right,8,-30.310728428930517,20.596501042012594
2027000071,2,player,right,8,-30.31494657980093,20.618733478282987
2027000072,2,player,right,8,-30.31795174601932,20.643059016070094
2027000073,2,player,right,8,-30.319620864393872,20.669205684530212
2027000074,2,player,right,8,-30.31990041301419,20.696835953301623
2027000075,2,player,right,8,-30.31880169833505,20.72557186401188
2027000076,2,player,right,8,-30.316388992349317,20.75502465899139
2027000077,2,player,right,8,-30.312769967117102,20.78482311451275
2027000078,2,player,right,8,-30.30808583368534,20.814638716886957
2027000079,2,player,right,8,-30.30251034722852,20.844187089099
2027000080,2,player,right,8,-30.296234098289684,20.873269691307247
2027000081,2,player,right,8,-30.28947737288415,20.901737580433764
2027000082,2,player,right,8,-30.282500537327323,20.929468097173945
2027000083,2,player,right,8,-30.275577987963285,20.956398982383305
2027000084,2,player,right,8,-30.269010767329743,20.982489323960035
2027000085,2,player,right,8,-30.263094310296765,21.0077323860636
2027000086,2,player,right,8,-30.25811811761177,21.03214491266185
2027000087,2,player,right,8,-30.254320758505404,21.05576440115672
2027000088,2,player,right,8,-30.251880102430576,21.078668654901787
2027000089,2,player,right,8,-30.25085931329283,21.1010062888264
2027000090,2,player,right,8,-30.251228720952632,21.122928134658903
2027000091,2,player,right,8,-30.252824187871116,21.144644632621883
2027000092,2,player,right,8,-30.25535796874673,21.16639815971726
2027000093,2,player,right,8,-30.258435508966176,21.188447347202803
2027000094,2,player,right,8,-30.261583209513265,21.21104687220525
2027000095,2,player,right,8,-30.264286252433056,21.234436954858804
2027000096,2,player,right,8,-30.266034147967176,21.258814172795724
2027000097,2,player,right,8,-30.26637676160016,21.284310933350092
2027000098,2,player,right,8,-30.264966253339058,21.310993586341205
2027000099,2,player,right,8,-30.261591734845293,21.338865123734344
2027000100,2,player,right,8,-30.25621608543933,21.36785134885033
2027000101,2,player,right,8,-30.248984016331587,21.39781569049177
2027000102,2,player,right,8,-30.24021161591631,21.428572779708837
2027000103,2,player,right,8,-30.23035916061841,21.459910269863524
2027000104,2,player,right,8,-30.219986140236717,21.491608534488147
2027000105,2,player,right,8,-30.20969401590334,21.52346527738583
2027000106,2,player,right,8,-30.200066394154927,21.55531457492313
2027000107,2,player,right,8,-30.1916108871681,21.587041659126296
2027000108,2,player,right,8,-30.184709399362937,21.618594452098044
2027000109,2,player,right,8,-30.179588434451265,21.649980785795435
2027000110,2,player,right,8,-30.17630496086981,21.68126500418577
2027000111,2,player,right,8,-30.174757072246106,21.7125513771302
2027000112,2,player,right,8,-30.174707458019927,21.74396797187373
2027000113,2,player,right,8,-30.175822085857384,21.775646890189044
2027000114,2,player,right,8,-30.177712364315543,21.80771033029502
2027000115,2,player,right,8,-30.179981286779626,21.840254914674446
2027000116,2,player,right,8,-30.182260755553635,21.87334838855518
2027000117,2,player,right,8,-30.18423914638944,21.9070300977457
2027000118,2,player,right,8,-30.18568096000082,21.94131294470665
2027000119,2,player,right,8,-30.18643270916836,21.976192345293
2027000120,2,player,right,8,-30.18642289437906,22.0116495412885
2027000121,2,player,right,8,-30.1856513231394,22.047656531987474
2027000122,2,player,right,8,-30.1841807711397,22.084174821133868
2027000123,2,player,right,8,-30.18212418509949,22.121148726899627
2027000124,2,player,right,8,-30.179637044675964,22.158511111493645
2027000125,2,player,right,8,-30.176899751688783,22.19613497349177
2027000126,2,player,right,8,-30.17412481861509,22.233877490004488
2027000127,2,player,right,8,-30.171543873961998,22.271548832776418
2027000128,2,player,right,8,-30.169410433447528,22.30892317580395
2027000129,2,player,right,8,-30.167994873836797,22.34575300237021
2027000130,2,player,right,8,-30.167585351446437,22.381782917118564
2027000131,2,player,right,8,-30.16847739900034,22.416777657766254
2027000132,2,player,right,8,-30.17096917953547,22.450536598284994
2027000133,2,player,right,8,-30.17534809296281,22.48292281206806
2027000134,2,player,right,8,-30.18187278268809,22.513870527944768
2027000135,2,player,right,8,-30.1907530416066,22.54339665761896
2027000136,2,player,right,8,-30.202127139357305,22.571596219488573
2027000137,2,player,right,8,-30.216044826337303,22.59862438869248
2027000138,2,player,right,8,-30.23243254002403,22.62467504158903
2027000139,2,player,right,8,-30.25108807638688,22.64998641615611
2027000140,2,player,right,8,-30.271666526681088,22.67476575388893
2027000141,2,player,right,8,-30.293678079503405,22.69919424721889
2027000142,2,player,right,8,-30.31649592442813,22.72339216713831
2027000143,2,player,right,8,-30.339405860512286,22.74740734939257
2027000144,2,player,right,8,-30.361607820741717,22.771211949382806
2027000145,2,player,right,8,-30.382263521325665,22.794713934482708
2027000146,2,player,right,8,-30.40055374740397,22.81775364370905
2027000147,2,player,right,8,-30.415708808096305,22.84013613172559
2027000148,2,player,right,8,-30.427054626611223,22.861644514943503
2027000149,2,player,right,8,-30.43406370655711,22.88204144985268
2027000150,2,player,right,8,-30.436396361904645,22.90106449744537
2027000151,2,player,right,8,-30.43393311130602,22.918414410155894
2027000152,2,player,right,8,-30.426838201711348,22.93369826063268
2027000153,2,player,right,8,-30.415577015137806,22.94640634492142
2027000154,2,player,right,8,-30.400947750508493,22.955863209824408
2027000155,2,player,right,8,-30.38408494263455,22.961216468171003
2027000156,2,player,right,8,-30.366464219269915,22.961393100539112
2027000157,2,player,right,8,-30.349870426334583,22.955123790855417
2027000158,2,player,right,8,-30.33633907981719,22.940981846306546
2027000159,2,player,right,8,-30.328030701633956,22.91750744200468
2027000160,2,player,right,8,-30.32720951389359,22.883203794069217
2027000161,2,player,right,8,-30.336021225321275,22.836711686532805
2027000162,2,player,right,8,-30.35644329226571,22.77688591498977
2027000163,2,player,right,8,-30.390099144780933,22.702886260411145
2027000164,2,player,right,8,-30.43813574626807,22.61434149504428
2027000165,2,player,right,8,-30.50115301148745,22.51131872225654
2027000166,2,player,right,8,-30.57911710954176,22.394436306813915
2027000167,2,player,right,8,-30.671326586311334,22.264851938200422
2027000168,2,player,right,8,-30.776454871596396,22.124208832022035
2027000169,2,player,right,8,-30.89254400829021,21.9746302308598
2027000170,2,player,right,8,-31.01719371370589,21.81852005972098
2027000171,2,player,right,8,-31.147671524788187,21.658453987865965
2027000172,2,player,right,8,-31.28109292364631,21.496988989474964
2027000173,2,player,right,8,-31.41460679415119,21.33647227351654
2027000174,2,player,right,8,-31.5455733650647,21.178900528679364
2027000175,2,player,right,8,-31.671692054801177,21.02574092528232
2027000176,2,player,right,8,-31.791107454276727,20.87789282481204
2027000177,2,player,right,8,-31.902479498094543,20.73564884974748
2027000178,2,player,right,8,-32.00488824750159,20.59881659928788
2027000179,2,player,right,8,-32.097880618479806,20.46675164906922
2027000180,2,player,right,8,-32.181335704350786,20.338552261911456
2027000181,2,player,right,8,-32.25537477361159,20.213219313171727
2027000182,2,player,right,8,-32.32028188005586,20.089792669489377
2027000183,2,player,right,8,-32.376377705352894,19.96753611363504
2027000184,2,player,right,8,-32.424037449163315,19.84594987835806
2027000185,2,player,right,8,-32.463620430343965,19.72484887501705
2027000186,2,player,right,8,-32.49549000307715,19.604331667481414
2027000187,2,player,right,8,-32.52000591165384,19.484774922088636
2027000188,2,player,right,8,-32.537602764384594,19.36668081780231
2027000189,2,player,right,8,-32.54878748364104,19.250666724159917
2027000190,2,player,right,8,-32.55412956384884,19.13736743553509
2027000191,2,player,right,8,-32.554314528770675,19.02734196089338
2027000192,2,player,right,8,-32.55006034812817,18.92105153540922
2027000193,2,player,right,8,-32.54206924743386,18.818858701769702
2027000194,2,player,right,8,-32.531003777009616,18.72100424993936
2027000195,2,player,right,8,-32.517364093139165,18.627660028267417
2027000196,2,player,right,8,-32.501403347087866,18.538999950414944
2027000197,2,player,right,8,-32.48310825394673,18.45520166502829
2027000198,2,player,right,8,-32.46212111308985,18.37652333319149
2027000199,2,player,right,8,-32.43776213574353,18.303350607645378
2027000200,2,player,right,8,-32.40906762005938,18.23615457608093
2027000201,2,player,right,8,-32.37482870286645,18.17556581616769
2027000202,2,player,right,8,-32.333733535283514,18.122241841355446
2027000203,2,player,right,8,-32.28444291728108,18.076923183934436
2027000204,2,player,right,8,-32.225737274215035,18.04027042493539
2027000205,2,player,right,8,-32.15658198155893,18.01292768819966
2027000206,2,player,right,8,-32.076238610037684,17.995359356846883
2027000207,2,player,right,8,-31.98430706157296,17.987866153003594
2027000208,2,player,right,8,-31.880769634785505,17.99049568857669
2027000209,2,player,right,8,-31.765915380057077,18.00309815773853
2027000210,2,player,right,8,-31.64040359526684,18.025257952602928
2027000211,2,player,right,8,-31.50510264271325,18.056353902129704
2027000212,2,player,right,8,-31.3610992102429,18.09556943519898
2027000213,2,player,right,8,-31.20959117829273,18.141912513649768
2027000214,2,player,right,8,-31.051784345980487,18.19435773749157
2027000215,2,player,right,8,-30.888854194076355,18.25181806044477
2027000216,2,player,right,8,-30.721865033398004,18.31329500752541
2027000217,2,player,right,8,-30.55180848715776,18.377734467223487
2027000218,2,player,right,8,-30.379554917702595,18.444242622044825
2027000219,2,player,right,8,-30.20583582795812,18.51204377721753
2027000220,2,player,right,8,-30.031312117307056,18.580450710559894
2027000221,2,player,right,8,-29.856555676654324,18.64896313487745
2027000222,2,player,right,8,-29.682176190987494,18.71701681579372
2027000223,2,player,right,8,-29.50870627761475,18.78429898442002
2027000224,2,player,right,8,-29.33666852598804,18.850581342870555
2027000225,2,player,right,8,-29.166546261291444,18.915775137877148
2027000226,2,player,right,8,-28.99874189626976,18.97995282447092
2027000227,2,player,right,8,-28.83362279003838,19.043302848413592
2027000228,2,player,right,8,-28.67136292991657,19.10626561530793
2027000229,2,player,right,8,-28.512110330867053,19.16921725717684
2027000230,2,player,right,8,-28.35587030993566,19.23268724082203
2027000231,2,player,right,8,-28.202581332556385,19.297137207720347
2027000232,2,player,right,8,-28.05217975168032,19.36285509683638
2027000233,2,player,right,8,-27.90457308077144,19.42994001719376
2027000234,2,player,right,8,-27.75974173507249,19.49817473099693
2027000235,2,player,right,8,-27.617741028993304,19.567010257870784
2027000236,2,player,right,8,-27.47874216917213,19.635535531897037
2027000237,2,player,right,8,-27.342972778186784,19.702582276107886
2027000238,2,player,right,8,-27.21074596189567,19.766767168866664
2027000239,2,player,right,8,-27.082430838119976,19.826600950608373
2027000240,2,player,right,8,-26.95835629868799,19.880700149703426
2027000241,2,player,right,8,-26.83883810747373,19.92774392321748
2027000242,2,player,right,8,-26.724129300417065,19.966737268649958
2027000243,2,player,right,8,-26.614355436103985,19.997014594942677
2027000244,2,player,right,8,-26.50956399554208,20.018257512486382
2027000245,2,player,right,8,-26.40974231112627,20.030461354445617
2027000246,2,player,right,8,-26.31479373066182,20.0339161386852
2027000247,2,player,right,8,-26.224595951119127,20.029158579268543
2027000248,2,player,right,8,-26.139075892297463,20.016771324453444
2027000249,2,player,right,8,-26.058136670717275,19.997544888971184
2027000250,2,player,right,8,-25.981789250109276,19.97218392537097
2027000251,2,player,right,8,-25.91001852381032,19.94155914601739
2027000252,2,player,right,8,-25.84288734366049,19.906461147392832
2027000253,2,player,right,8,-25.780400782317795,19.86782726574257
2027000254,2,player,right,8,-25.722547472428644,19.826536361667312
2027000255,2,player,right,8,-25.66922427486459,19.783570130420387
2027000256,2,player,right,8,-25.62025586692394,19.739791407939965
2027000257,2,player,right,8,-25.575373292302015,19.69601874957912
2027000258,2,player,right,8,-25.534229004981828,19.652879010994443
2027000259,2,player,right,8,-25.496414207895864,19.61081669370107
2027000260,2,player,right,8,-25.461523131130196,19.56998180574382
2027000261,2,player,right,8,-25.4290926232314,19.530372982146663
2027000262,2,player,right,8,-25.398830949890137,19.49168233574357
2027000263,2,player,right,8,-25.370397860827893,19.45353579479493
2027000264,2,player,right,8,-25.34371044514245,19.415406834275338
2027000265,2,player,right,8,-25.31875465485852,19.37669353287466
2027000266,2,player,right,8,-25.295616728176512,19.336904610543733
2027000267,2,player,right,8,-25.274569668949347,19.295397185141283
2027000268,2,player,right,8,-25.25595735760765,19.251583790881728
2027000269,2,player,right,8,-25.24015060375029,19.2048868545248
2027000270,2,player,right,8,-25.227489007565254,19.154720968524472
2027000271,2,player,right,8,-25.218112231846547,19.10072021377238
2027000272,2,player,right,8,-25.212034301072297,19.04248228454768
2027000273,2,player,right,8,-25.20900604013238,18.979864923084268
2027000274,2,player,right,8,-25.20856621721344,18.91294851936935
2027000275,2,player,right,8,-25.210126364899462,18.842040083887238
2027000276,2,player,right,8,-25.21311319777457,18.76763297583522
2027000277,2,player,right,8,-25.217171626501013,18.69029656178254
2027000278,2,player,right,8,-25.22229109038828,18.610719608828493
2027000279,2,player,right,8,-25.229079484327396,18.529335811890107
2027000280,2,player,right,8,-25.238775888083072,18.446450207158705
2027000281,2,player,right,8,-25.25324796467533,18.362112849476
2027000282,2,player,right,8,-25.274862778455866,18.27617151816288
2027000283,2,player,right,8,-25.30622634551682,18.18834476400569
2027000284,2,player,right,8,-25.34985870863676,18.098372659105287
2027000285,2,player,right,8,-25.40783774771536,18.006170077213838
2027000286,2,player,right,8,-25.4814800602466,17.911978769657395
2027000287,2,player,right,8,-25.571123601099757,17.816467961185133
2027000288,2,player,right,8,-25.6760466062845,17.720760270106794
2027000289,2,player,right,8,-25.79454361144182,17.6263907032972
2027000290,2,player,right,8,-25.924130096569304,17.53527099750862
2027000291,2,player,right,8,-26.06188303387625,17.449367566159804
2027000292,2,player,right,8,-26.204775397339382,17.370650184585315
2027000293,2,player,right,8,-26.3500209238728,17.300885740264196
2027000294,2,player,right,8,-26.495335865424146,17.241483080057073
2027000295,2,player,right,8,-26.639097573601266,17.193430296538303
2027000296,2,player,right,8,-26.7803892348283,17.15720349790219
2027000297,2,player,right,8,-26.91888039160287,17.132876549731243
2027000298,2,player,right,8,-27.054775112043,17.11999608264952
2027000299,2,player,right,8,-27.188507538513853,17.11783669798247
2027000300,2,player,right,8,-27.320662639001014,17.125282616591093
2027000301,2,player,right,8,-27.45171313333436,17.14107851395474
2027000302,2,player,right,8,-27.58199431146137,17.16377689638321
2027000303,2,player,right,8,-27.711592152495243,17.191937146233712
2027000304,2,player,right,8,-27.84037583466026,17.224111847388855
2027000305,2,player,right,8,-27.968027773606835,17.2590345370232
2027000306,2,player,right,8,-28.094115121334312,17.29559175546582
2027000307,2,player,right,8,-28.218179064926307,17.332970786830334
2027000308,2,player,right,8,-28.33981122470699,17.370602861982896
2027000309,2,player,right,8,-28.458695163389017,17.408249772137403
2027000310,2,player,right,8,-28.57470479183741,17.445850013494436
2027000311,2,player,right,8,-28.68777354836271,17.48359260494575
2027000312,2,player,right,8,-28.798121793034596,17.521652813501
2027000313,2,player,right,8,-28.905957739504856,17.560252110647987
2027000314,2,player,right,8,-29.011690432829468,17.59948170299829
2027000315,2,player,right,8,-29.115742162556387,17.63926056731277
2027000316,2,player,right,8,-29.21852243425504,17.679349683215072
2027000317,2,player,right,8,-29.3204033690287,17.719344446439866
2027000318,2,player,right,8,-29.42168931180931,17.75872356926026
2027000319,2,player,right,8,-29.522592574661815,17.796920058585645
2027000320,2,player,right,8,-29.62322661181623,17.833391646983657
2027000321,2,player,right,8,-29.723595908871857,17.867692349330316
2027000322,2,player,right,8,-29.823620564335528,17.89950947704761
2027000323,2,player,right,8,-29.92314568251549,17.928692246276412
2027000324,2,player,right,8,-30.02196452678966,17.955243388633427
2027000325,2,player,right,8,-30.11984475704441,17.979292190352247
2027000326,2,player,right,8,-30.216554426228036,18.001053197693565
2027000327,2,player,right,8,-30.31187815793661,18.02078980917389
2027000328,2,player,right,8,-30.40563334016486,18.03877492914326
2027000329,2,player,right,8,-30.497676936795337,18.055256595178903
2027000330,2,player,right,8,-30.58790904176279,18.070464715156703
2027000331,2,player,right,8,-30.676258073111768,18.08457515749729
2027000332,2,player,right,8,-30.76268112642437,18.09772909513412
2027000333,2,player,right,8,-30.84715136966759,18.11002076718546
2027000334,2,player,right,8,-30.92965447420411,18.121503460521808
2027000335,2,player,right,8,-31.01019617331392,18.132172904177875
2027000336,2,player,right,8,-31.08880988995675,18.141957625145384
2027000337,2,player,right,8,-31.16557385640388,18.15070955205329
2027000338,2,player,right,8,-31.240627286087744,18.158178560189693
2027000339,2,player,right,8,-31.31418653812967,18.1640336384414
2027000340,2,player,right,8,-31.38654591194392,18.16787443678912
2027000341,2,player,right,8,-31.45807498824437,18.1692553082994
2027000342,2,player,right,8,-31.52919500544745,18.167729535857475
2027000343,2,player,right,8,-31.60034640336599,18.162909745920714
2027000344,2,player,right,8,-31.67194618701243,18.15450577849284
2027000345,2,player,right,8,-31.7443419050851,18.14237123694601
2027000346,2,player,right,8,-31.81777086304278,18.12654120937485
2027000347,2,player,right,8,-31.89233624685298,18.10723052441798
2027000348,2,player,right,8,-31.96799067423453,18.08482441633755
2027000349,2,player,right,8,-32.04454616688727,18.05984940804414
2027000350,2,player,right,8,-32.12169852033371,18.032921114805887
2027000351,2,player,right,8,-32.19906564024508,18.004686032482187
2027000352,2,player,right,8,-32.276236024020335,17.97576589587288
2027000353,2,player,right,8,-32.352818509557615,17.946696276703562
2027000354,2,player,right,8,-32.42848211661451,17.91788742967795
2027000355,2,player,right,8,-32.50300243819056,17.88959319046192
2027000356,2,player,right,8,-32.576262738087465,17.86190218768185
2027000357,2,player,right,8,-32.64826970405092,17.834743382803623
2027000358,2,player,right,8,-32.719144402094365,17.807902907142307
2027000359,2,player,right,8,-32.78908993744073,17.781062018501878
2027000360,2,player,right,8,-32.8583685430691,17.753836570494617
2027000361,2,player,right,8,-32.92725868468786,17.725822045202353
2027000362,2,player,right,8,-32.99602153010866,17.69663248916267
2027000363,2,player,right,8,-33.06487277165635,17.665938386208722
2027000364,2,player,right,8,-33.1339645834324,17.633485756853585
2027000365,2,player,right,8,-33.20337706983183,17.59911250922578
2027000366,2,player,right,8,-33.27312563881831,17.562748451849593
2027000367,2,player,right,8,-33.34317033912076,17.524389564292733
2027000368,2,player,right,8,-33.41345080499085,17.48407456970291
2027000369,2,player,right,8,-33.48389737984673,17.441865379879587
2027000370,2,player,right,8,-33.55445776639733,17.397815791898285
2027000371,2,player,right,8,-33.625090602440885,17.351952237658093
2027000372,2,player,right,8,-33.69577537526525,17.304265925886668
2027000373,2,player,right,8,-33.7664990890949,17.25471003094943
2027000374,2,player,right,8,-33.8372273347219,17.20322043827127
2027000375,2,player,right,8,-33.90788125773949,17.149747415657707
2027000376,2,player,right,8,-33.978318597531185,17.094266460270894
2027000377,2,player,right,8,-34.048319477942655,17.036841217594173
2027000378,2,player,right,8,-34.11759715749707,16.97762590644064
2027000379,2,player,right,8,-34.18580898863148,16.91689484849308
2027000380,2,player,right,8,-34.252593418469125,16.855038405482436
2027000381,2,player,right,8,-34.31760674879098,16.792574319724054
2027000382,2,player,right,8,-34.380567672920776,16.730092238274676
2027000383,2,player,right,8,-34.44129673074486,16.668227419377
2027000384,2,player,right,8,-34.49973706027629,16.60761774695954
2027000385,2,player,right,8,-34.55597142856135,16.548842613002623
2027000386,2,player,right,8,-34.61021677841061,16.492378469101435
2027000387,2,player,right,8,-34.662808160974905,16.43856095505946
2027000388,2,player,right,8,-34.71416834869839,16.387560958384682
2027000389,2,player,right,8,-34.764778130027594,16.33937077715754
2027000390,2,player,right,8,-34.81513720899817,16.293819547989678
2027000391,2,player,right,8,-34.86573706356084,16.250589481029248
2027000392,2,player,right,8,-34.91703305692835,16.20925069290802
2027000393,2,player,right,8,-34.9694259564136,16.169296720824462
2027000394,2,player,right,8,-35.02325012048176,16.13018528996123
2027000395,2,player,right,8,-35.078768157867664,16.091356496157672
2027000396,2,player,right,8,-35.13615657255862,16.052278192304968
2027000397,2,player,right,8,-35.195516085398104,16.01245696532456
2027000398,2,player,right,8,-35.25685980072144,15.971451228190986
2027000399,2,player,right,8,-35.320114450939585,15.928887803211454
2027000400,2,player,right,8,-35.385120942183136,15.884469659225903
2027000401,2,player,right,8,-35.451635726032706,15.83798044183894
2027000402,2,player,right,8,-35.51934002614713,15.789295080802749
2027000403,2,player,right,8,-35.58785171759337,15.73837469020658
2027000404,2,player,right,8,-35.65675166932536,15.6852647070275
2027000405,2,player,right,8,-35.72560413671959,15.630088686965458
2027000406,2,player,right,8,-35.79399239348301,15.573035923197216
2027000407,2,player,right,8,-35.86154530827007,15.514345043390342
2027000408,2,player,right,8,-35.92797340155778,15.454281668450667
2027000409,2,player,right,8,-35.99308671876826,15.393124904909165
2027000410,2,player,right,8,-36.05681105133236,15.331150748207651
2027000411,2,player,right,8,-36.11918648385605,15.268612959567346
2027000412,2,player,right,8,-36.1803593338766,15.205740980126992
2027000413,2,player,right,8,-36.24055584224184,15.142726565675549
2027000414,2,player,right,8,-36.30005726040675,15.079710039222228
2027000415,2,player,right,8,-36.35914560060064,15.016808669523275
2027000416,2,player,right,8,-36.418082006533446,14.954092377459048
2027000417,2,player,right,8,-36.47705827037306,14.891587778447072
2027000418,2,player,right,8,-36.53618063470387,14.829273174443848
2027000419,2,player,right,8,-36.59545081218109,14.76708085794074
2027000420,2,player,right,8,-36.65477338632002,14.704905019019597
2027000421,2,player,right,8,-36.71396152436808,14.642599269407404
2027000422,2,player,right,8,-36.7727677781637,14.579988637782698
2027000423,2,player,right,8,-36.83093089876413,14.51687010710831
2027000424,2,player,right,8,-36.88821155807073,14.453029654694117
2027000425,2,player,right,8,-36.94443943517435,14.38823953274626
2027000426,2,player,right,8,-36.99954736082239,14.322247747603114
2027000427,2,player,right,8,-37.05356695007072,14.25482635172857
2027000428,2,player,right,8,-37.1066464366637,14.185741544410233
2027000429,2,player,right,8,-37.15901338257887,14.114781942736371
2027000430,2,player,right,8,-37.21093619337607,14.041760987537357
2027000431,2,player,right,8,-37.26266775147198,13.966573609816916
2027000432,2,player,right,8,-37.31439066126376,13.889208937799538
2027000433,2,player,right,8,-37.36618280573423,13.809783872943498
2027000434,2,player,right,8,-37.4179746946563,13.72859558886372
2027000435,2,player,right,8,-37.46957509243947,13.64610870644116
2027000436,2,player,right,8,-37.52066553325015,13.562985294157585
2027000437,2,player,right,8,-37.57087953229518,13.480025790065143
2027000438,2,player,right,8,-37.61983591457941,13.398140908784583
2027000439,2,player,right,8,-37.66722478908642,13.31825346364868
2027000440,2,player,right,8,-37.71282733211356,13.24123984679532
2027000441,2,player,right,8,-37.75657034139252,13.167818917285176
2027000442,2,player,right,8,-37.798521239254256,13.098488850830533
2027000443,2,player,right,8,-37.83889019421428,13.03345243393983
2027000444,2,player,right,8,-37.87798009084734,12.972609765432036
2027000445,2,player,right,8,-37.91615902624254,12.915549128002308
2027000446,2,player,right,8,-37.95380825445174,12.861582987034948
2027000447,2,player,right,8,-37.99129624457183,12.80980716979144
2027000448,2,player,right,8,-38.02894399860973,12.759182268243071
2027000449,2,player,right,8,-38.06700997420638,12.708622653134931
2027000450,2,player,right,8,-38.105688258112025,12.65708352582617
2027000451,2,player,right,8,-38.14509432899238,12.603655103601334
2027000452,2,player,right,8,-38.18527151848279,12.547629116058484
2027000453,2,player,right,8,-38.22616482328212,12.488567050188522
2027000454,2,player,right,8,-38.26762420362392,12.426329893451092
2027000455,2,player,right,8,-38.309381867539365,12.361095710724973
2027000456,2,player,right,8,-38.35104708965635,12.293347590193765
2027000457,2,player,right,8,-38.39210950531959,12.223826529829749
2027000458,2,player,right,8,-38.43197265136408,12.153465170642203
2027000459,2,player,right,8,-38.4699989872393,12.083287285573896
2027000460,2,player,right,8,-38.50558194942167,12.014304189718349
2027000461,2,player,right,8,-38.53823790598716,11.947381457179391
2027000462,2,player,right,8,-38.56769536591506,11.883137052936746
2027000463,2,player,right,8,-38.59397359074463,11.821845781669223
2027000464,2,player,right,8,-38.617438248439576,11.763368810538497
2027000465,2,player,right,8,-38.63880782789201,11.707163897896066
2027000466,2,player,right,8,-38.659114420065045,11.652314503921874
2027000467,2,player,right,8,-38.67962238789474,11.597615321889071
2027000468,2,player,right,8,-38.701696899758375,11.54169768795066
2027000469,2,player,right,8,-38.72666734743508,11.483168058738768
2027000470,2,player,right,8,-38.75568464471156,11.420752058032193
2027000471,2,player,right,8,-38.78959772166938,11.353412045350249
2027000472,2,player,right,8,-38.82887666820931,11.280459905619658
2027000473,2,player,right,8,-38.87358408704154,11.201562860936376
2027000474,2,player,right,8,-38.923377038437664,11.116802043028704
2027000475,2,player,right,8,-38.97757616728397,11.0266034930417
2027000476,2,player,right,8,-39.03526190212706,10.931693804613278
2027000477,2,player,right,8,-39.09535388937809,10.833043681166648
2027000478,2,player,right,8,-39.15671635888539,10.731763637717972
2027000479,2,player,right,8,-39.218244371498656,10.629043281449531
2027000480,2,player,right,8,-39.27892078369052,10.526072557403594
2027000481,2,player,right,8,-39.33786627335027,10.423986298134496
2027000482,2,player,right,8,-39.39435762067296,10.323808349457313
2027000483,2,player,right,8,-39.447853189964405,10.226394201292248
2027000484,2,player,right,8,-39.497975507276166,10.1324171539999
2027000485,2,player,right,8,-39.54454405552534,10.042308077366089
2027000486,2,player,right,8,-39.5875344827738,9.956281633180062
2027000487,2,player,right,8,-39.62710197695436,9.874306826070846
2027000488,2,player,right,8,-39.6635420371972,9.796153800550467
2027000489,2,player,right,8,-39.69729361684752,9.721403780298374
2027000490,2,player,right,8,-39.728887996817264,9.649528538181926
2027000491,2,player,right,8,-39.75893208939755,9.57991194087943
2027000492,2,player,right,8,-39.7880488600362,9.511934087097847
2027000493,2,player,right,8,-39.81686716595031,9.444979895458427
2027000494,2,player,right,8,-39.845967120881305,9.378486107494766
2027000495,2,player,right,8,-39.87585777148704,9.311952122006636
2027000496,2,player,right,8,-39.90695315886728,9.244939837351968
2027000497,2,player,right,8,-39.939562211667386,9.177061788578415
2027000498,2,player,right,8,-39.973880890864535,9.107971562990812
2027000499,2,player,right,8,-40.00998308517696,9.037361866025956
2027000500,2,player,right,8,-40.04784402446806,8.964949333765821
2027000501,2,player,right,8,-40.08733312695183,8.890496630263968
2027000502,2,player,right,8,-40.12824852531173,8.813812429004198
2027000503,2,player,right,8,-40.17032441324852,8.734775956438869
2027000504,2,player,right,8,-40.2132557572822,8.653362002303531
2027000505,2,player,right,8,-40.25671360915685,8.569658803560557
2027000506,2,player,right,8,-40.300365969027226,8.483879669933884
2027000507,2,player,right,8,-40.34389003188636,8.396357072198915
2027000508,2,player,right,8,-40.38699500278496,8.30753293493273
2027000509,2,player,right,8,-40.42942749298796,8.217934003058303
2027000510,2,player,right,8,-40.47098825371267,8.128133353829375
2027000511,2,player,right,8,-40.51155413356751,8.03869671384851
2027000512,2,player,right,8,-40.55109879855021,7.950126354393954
2027000513,2,player,right,8,-40.589735023339394,7.862784602000836
2027000521,2,player,right,8,-40.9518757561177,7.157340192063969
2027000560,2,player,right,8,-43.15991978246306,3.290676192194317
2027000561,2,player,right,8,-43.05786222938304,3.3652391195929376
2027000562,2,player,right,8,-42.9633083595021,3.432040150059057
2027000563,2,player,right,8,-42.8776373664019,3.489300077958116
2027000564,2,player,right,8,-42.801907219571895,3.535679555985124
2027000565,2,player,right,8,-42.736792858827314,3.5703674619410912
2027000566,2,player,right,8,-42.68258073436776,3.59308614219991
2027000567,2,player,right,8,-42.63916972388655,3.6040852173429743
2027000568,2,player,right,8,-42.60612162244859,3.6040529635291874
2027000569,2,player,right,8,-42.58271179113461,3.5940276367210675
2027000570,2,player,right,8,-42.56801630463356,3.575263656772511
2027000571,2,player,right,8,-42.56098432186707,3.549127969315504
2027000572,2,player,right,8,-42.56051148365716,3.516990525343604
2027000573,2,player,right,8,-42.56551234349168,3.4801249898748523
2027000574,2,player,right,8,-42.574964616371126,3.439667465633981
2027000575,2,player,right,8,-42.587932814355966,3.3965992220509658
2027000576,2,player,right,8,-42.60359064844452,3.351735511711086
2027000577,2,player,right,8,-42.62122597063754,3.3057444528106728
2027000578,2,player,right,8,-42.64023508826081,3.259164173373705
2027000579,2,player,right,8,-42.66012266457397,3.212425827601788
2027000580,2,player,right,8,-42.6804901575699,3.165870553902512
2027000581,2,player,right,8,-42.70103230172487,3.1197637883491907
2027000582,2,player,right,8,-42.72153174958828,3.074301392618585
2027000583,2,player,right,8,-42.74183916165762,3.02962650644818
2027000584,2,player,right,8,-42.76187216564619,2.9858314005200266
2027000585,2,player,right,8,-42.78157838655226,2.942986532692193
2027000586,2,player,right,8,-42.80092230330496,2.90114546453345
2027000587,2,player,right,8,-42.81985448770177,2.860363992174885
2027000588,2,player,right,8,-42.83829803101478,2.82069886438382
2027000589,2,player,right,8,-42.856136652088544,2.782206926577201
2027000590,2,player,right,8,-42.8732225477188,2.744917788335046
2027000591,2,player,right,8,-42.88939632579852,2.708808277579534
2027000592,2,player,right,8,-42.9045218635428,2.6737636649323395
2027000593,2,player,right,8,-42.91852452908101,2.6395485346658445
2027000594,2,player,right,8,-42.93143285468512,2.60578866822058
2027000595,2,player,right,8,-42.9434075211421,2.5719748148390544
2027000596,2,player,right,8,-42.954756300202455,2.537487337155933
2027000597,2,player,right,8,-42.96592169329299,2.501653214802388
2027000598,2,player,right,8,-42.97745218971828,2.4638053415796977
2027000599,2,player,right,8,-42.98995123115978,2.423354747473364
2027000600,2,player,right,8,-43.004011861442144,2.379857304536789
2027000601,2,player,right,8,-43.0201540077166,2.3330616203367502
2027000602,2,player,right,8,-43.038758427825975,2.2829355002337515
2027000603,2,player,right,8,-43.06002973435821,2.2296622464122007
2027000604,2,player,right,8,-43.083974429738205,2.1736104758519463
2027000605,2,player,right,8,-43.11039703757648,2.1152954747479966
2027000606,2,player,right,8,-43.1389385249316,2.0553073106311195
2027000607,2,player,right,8,-43.16910281693339,1.9942695127325425
2027000608,2,player,right,8,-43.200331386078446,1.9327640029300968
2027000609,2,player,right,8,-43.232048995375415,1.8712988066980056
2027000610,2,player,right,8,-43.26373898164861,1.810261138336364
2027000611,2,player,right,8,-43.29497885616031,1.7499109704407276
2027000612,2,player,right,8,-43.32549276867656,1.6903614014255166
2027000613,2,player,right,8,-43.3551552432579,1.6315986270630365
2027000614,2,player,right,8,-43.38400290208104,1.5734902001595634
2027000615,2,player,right,8,-43.41221126193764,1.5158098663620851
2027000616,2,player,right,8,-43.440076836998905,1.4582568427391824
2027000617,2,player,right,8,-43.46795739180909,1.4005065481505683
2027000618,2,player,right,8,-43.49624438384121,1.342209950397277
2027000619,2,player,right,8,-43.52531280580981,1.2830394127949545
2027000620,2,player,right,8,-43.55548170088316,1.222700883151492
2027000621,2,player,right,8,-43.58697511126201,1.1609589887120162
2027000622,2,player,right,8,-43.61990529812654,1.0976539356360124
2027000623,2,player,right,8,-43.654260947818855,1.032703720126282
2027000624,2,player,right,8,-43.68991664474471,0.9661042626128682
2027000625,2,player,right,8,-43.7266334250674,0.8979426442575598
2027000626,2,player,right,8,-43.76408448128789,0.8283859751302968
2027000627,2,player,right,8,-43.80189281872792,0.7576661848598255
2027000628,2,player,right,8,-43.8396560522684,0.6860647619116815
2027000629,2,player,right,8,-43.87700401202346,0.6138745498454239
2027000630,2,player,right,8,-43.91361790810967,0.5413865288247666
2027000631,2,player,right,8,-43.949273294906384,0.4688416334357722
2027000632,2,player,right,8,-43.983861437975165,0.396415672430739
2027000633,2,player,right,8,-44.01738710107629,0.3241969281666435
2027000634,2,player,right,8,-44.04997042261103,0.2521710779133176
2027000635,2,player,right,8,-44.081815958450896,0.1802354596189374
2027000637,2,player,right,8,-44.14434494079812,0.0358696233187798
2027000638,2,player,right,8,-44.175530902429145,-0.0370179355797234
2027000639,2,player,right,8,-44.20691605033653,-0.1106641478183697
2027000640,2,player,right,8,-44.238583557979126,-0.1852229641848077
2027000641,2,player,right,8,-44.27051650823907,-0.2607636933963551
2027000642,2,player,right,8,-44.30261528766402,-0.3372630456691075
2027000643,2,player,right,8,-44.3347131697924,-0.4146067020426052
2027000644,2,player,right,8,-44.36661180630804,-0.492603581497477
2027000645,2,player,right,8,-44.39810349525817,-0.57100454536666
2027000646,2,player,right,8,-44.42900255972716,-0.6495369479844281
2027000647,2,player,right,8,-44.45915416838242,-0.7279266773038597
2027000648,2,player,right,8,-44.48844058870864,-0.8059266916960742
2027000649,2,player,right,8,-44.5167651570356,-0.8833342245489167
2027000650,2,player,right,8,-44.54403682466276,-0.9600001570494756
2027000651,2,player,right,8,-44.57014442874332,-1.0358278895698216
2027000652,2,player,right,8,-44.59494070934407,-1.1107661640940585
2027000653,2,player,right,8,-44.618222702951705,-1.1847890686801412
2027000655,2,player,right,8,-44.65922828194083,-1.3300419885193508
2027000656,2,player,right,8,-44.67639746434797,-1.4012269599020677
2027000657,2,player,right,8,-44.69100802388784,-1.4713805314147617
2027000658,2,player,right,8,-44.70290259575549,-1.5404251702981968
2027000659,2,player,right,8,-44.71203864142029,-1.6082638599797998
2027000662,2,player,right,8,-44.72491982832028,-1.8038374816025848
2027000663,2,player,right,8,-44.725889872059845,-1.8663835359180123
2027000664,2,player,right,8,-44.726332353148365,-1.9278158530921288
2027000665,2,player,right,8,-44.72707037796528,-1.988410593567296
2027000666,2,player,right,8,-44.728962644532935,-2.0485638876961456
2027000667,2,player,right,8,-44.73283617373648,-2.10876060792291
2027000668,2,player,right,8,-44.73943781110231,-2.169569015815757
2027000669,2,player,right,8,-44.749386327384286,-2.231594483496232
2027000670,2,player,right,8,-44.76313390651026,-2.29543792854692
2027000671,2,player,right,8,-44.78093955661674,-2.361654329643092
2027000672,2,player,right,8,-44.80285947218318,-2.430709834911099
2027000673,2,player,right,8,-44.82874448071447,-2.5029373326978632
2027000674,2,player,right,8,-44.858252659595294,-2.57850887292978
2027000675,2,player,right,8,-44.8908714294156,-2.6574166665911694
2027000676,2,player,right,8,-44.9259511070624,-2.739466988038769
2027000677,2,player,right,8,-44.96275542028812,-2.824297741365825
2027000678,2,player,right,8,-45.00047593106101,-2.911367695037104
2027000679,2,player,right,8,-45.03833284841578,-3.000045147301221
2027000680,2,player,right,8,-45.07563743692664,-3.0896589491574487
2027000681,2,player,right,8,-45.111858041758666,-3.1795821152139405
2027000682,2,player,right,8,-45.14670762079024,-3.2693228895706685
2027000683,2,player,right,8,-45.18021853878616,-3.358640842855289
2027000687,2,player,right,8,-45.31513987799438,-3.72015514495224
2027000688,2,player,right,8,-45.355668679896645,-3.8171762740797246
2027000689,2,player,right,8,-45.402104289274696,-3.9199426288230335
2027000690,2,player,right,8,-45.45573923694819,-4.029837547428755
2027000691,2,player,right,8,-45.517231548817,-4.14761915272451
2027000693,2,player,right,8,-45.66171268694991,-4.404879966698621
2027000699,2,player,right,8,-46.03634240426379,-5.091291951544068
2027000701,2,player,right,8,-46.020318697431065,-5.147982660439089
